{
  "target_size": {
    "width": 224,
    "height": 224
  },
  "num_images": 43756,
  "height_unique": [
    224
  ],
  "width_unique": [
    224
  ],
  "global_mean_mean": 127.02509382188686,
  "global_mean_std": 34.49637760019125,
  "global_pixel_std_mean": 52.30657681197525,
  "global_pixel_std_std": 14.373304488067426
}